maintenance_id,truck_id,maintenance_date,part_replaced,reason
d9f1235e-7a82-4581-9a73-5bb96016096c,TRUCK_008,2023-06-07 18:47:35.741715,Brakes,Wear and Tear
be130bef-3af4-49e8-bc9f-32b3e22b86eb,TRUCK_031,2023-02-16 06:43:46.494020,Battery,Wear and Tear
f6b51e25-409a-44ee-b406-c967356f0c4b,TRUCK_015,2024-10-20 14:04:24.374441,Battery,Scheduled Maintenance
49251338-bd53-4a13-ba39-fc675d44e787,TRUCK_025,2021-05-02 14:10:22.615690,Brakes,Failure
0eb54b66-e4ff-49b3-b21e-90f0b842bb54,TRUCK_048,2024-10-24 19:32:44.434268,Tires,Scheduled Maintenance
42f7aa50-8246-43e8-99ea-d74e282d06ae,TRUCK_004,2024-02-08 06:25:22.629472,Battery,Wear and Tear
05368a7f-ceaf-46d8-8b32-0e8ceac56f23,TRUCK_046,2021-03-12 16:48:42.019708,Battery,Scheduled Maintenance
709d4fc2-0def-4707-99e7-3a2840db032a,TRUCK_009,2022-05-19 19:13:49.496326,Engine,Scheduled Maintenance
e50e0bbc-5005-4f30-80c9-2d68a66622cf,TRUCK_035,2022-11-03 01:20:25.589468,Brakes,Failure
5932b694-ac8b-462b-b900-7671ff46e3f9,TRUCK_009,2022-09-10 17:18:24.314375,Brakes,Failure
846b86eb-4d3a-42ff-b3c8-6aa8b32e9c3a,TRUCK_038,2025-07-16 13:04:58.966461,Brakes,Scheduled Maintenance
74012cc0-1e09-47d1-9adb-b6d873ec3594,TRUCK_034,2021-12-18 09:28:03.154678,Engine,Scheduled Maintenance
8fca96cd-c7f3-4b70-8f78-ffe93d76d6cb,TRUCK_020,2022-05-11 00:01:44.847322,Engine,Wear and Tear
c6d495bc-a8a2-42a0-ac1c-933640af5514,TRUCK_020,2024-10-03 13:19:23.320883,Battery,Scheduled Maintenance
e5240791-0cb6-4938-bb8a-7315c946b499,TRUCK_035,2022-02-23 09:00:15.952158,Engine,Scheduled Maintenance
ac6e802a-bd2e-4db0-a40b-e657621c8e19,TRUCK_029,2022-04-19 12:16:52.843511,Transmission,Wear and Tear
38688c2d-7169-4eca-8c71-491ac0c26646,TRUCK_045,2023-08-28 02:00:42.226426,Tires,Wear and Tear
2448403b-6a4f-4c6b-b93a-3105da18b45c,TRUCK_018,2021-09-06 10:10:28.271139,Tires,Failure
81d6b263-b045-489c-90c7-3754f6c3e674,TRUCK_023,2022-03-01 21:37:30.334921,Battery,Failure
827413c8-8abe-4d5a-8468-6284e0a268d2,TRUCK_046,2024-07-11 20:07:23.436741,Battery,Wear and Tear
71b5ece5-d2a0-4c81-b2c6-7de6c12469fa,TRUCK_012,2021-11-01 06:53:27.000689,Battery,Failure
03d25293-c087-470d-86ff-8fcc794ae940,TRUCK_024,2024-02-27 01:56:30.127505,Engine,Scheduled Maintenance
0058eedb-d502-4d0a-bd29-c9d417d5376b,TRUCK_035,2021-12-16 04:34:48.501688,Tires,Scheduled Maintenance
ce77fefc-f52a-4bc9-a3c0-ae893c14e164,TRUCK_046,2025-07-26 09:19:56.164747,Battery,Scheduled Maintenance
080c68ae-6558-472e-85f6-6173f91d39f9,TRUCK_024,2025-03-25 19:01:34.071156,Tires,Wear and Tear
42ae6b69-e479-479b-9e19-0ece598f3ffd,TRUCK_048,2025-05-29 11:48:23.848420,Engine,Scheduled Maintenance
420735a0-b3d2-46ae-833f-4b4d4660fb43,TRUCK_013,2022-08-16 16:36:10.571292,Tires,Failure
02946fe1-df6f-4a72-a6dd-881477f4f955,TRUCK_025,2020-12-30 02:53:51.036882,Tires,Failure
2673a116-2979-4344-81ee-79fdf17be033,TRUCK_034,2021-05-20 17:37:44.834557,Brakes,Scheduled Maintenance
c6839197-ad72-4810-8acf-27dd672fc4c6,TRUCK_025,2022-05-29 21:42:44.635499,Tires,Scheduled Maintenance
44157819-23bb-4a54-9713-da3f7945eb53,TRUCK_037,2025-01-03 00:22:05.675386,Brakes,Failure
141f1350-5163-404d-a612-fbdd43efa6fb,TRUCK_037,2020-11-25 08:04:13.504438,Engine,Wear and Tear
d35c2593-eb6b-4794-a8f9-441469bfc5be,TRUCK_030,2023-09-27 00:54:38.449821,Tires,Wear and Tear
1b7fb615-cb1c-4dfa-8429-a5e235952217,TRUCK_013,2024-05-02 19:33:50.577682,Transmission,Wear and Tear
fdf23093-51b1-41c2-91f3-e8aabaeeb242,TRUCK_025,2022-08-09 06:05:24.839388,Engine,Wear and Tear
e2e2ffae-d199-4ba5-88df-b7cc681feaae,TRUCK_015,2023-12-16 11:15:28.593024,Battery,Scheduled Maintenance
bf08e9af-4ff1-497c-b06c-6b6f6f9b9a64,TRUCK_049,2022-12-26 04:29:58.200341,Battery,Scheduled Maintenance
3f1a6d33-fb3c-4014-b35c-6db7268f80b4,TRUCK_008,2024-10-18 17:06:24.627968,Battery,Failure
9386ba7e-c059-4090-ba30-b588cd2d1906,TRUCK_035,2025-07-09 07:18:04.757655,Brakes,Scheduled Maintenance
827540f9-1d8e-48a4-bcb5-3dece1413d5d,TRUCK_048,2023-11-15 12:09:57.662005,Battery,Scheduled Maintenance
71318cdd-a681-43b2-8300-5c03d05ab51b,TRUCK_024,2022-09-22 23:39:51.123048,Transmission,Wear and Tear
15365003-0b58-428e-939f-5baafded10f4,TRUCK_023,2023-07-09 03:37:35.184106,Transmission,Scheduled Maintenance
ef856ead-0430-430b-bfe8-246c3801f06d,TRUCK_041,2024-08-26 12:59:14.583487,Battery,Wear and Tear
c7f93003-81eb-4c70-85db-0af3fad74554,TRUCK_022,2024-02-10 04:35:10.485152,Battery,Wear and Tear
01fb9c36-63ae-47c6-bb00-3f011bef132b,TRUCK_037,2024-03-09 12:25:52.742224,Battery,Failure
9732d70b-1037-43bc-baf9-4bb15b3b12cf,TRUCK_025,2025-05-23 23:49:43.347843,Battery,Scheduled Maintenance
dd5dacff-1966-4937-a49c-75d4e10e526b,TRUCK_016,2025-02-04 14:05:42.263147,Transmission,Scheduled Maintenance
40f172f9-d065-4d06-b4d5-2f356b673eb5,TRUCK_045,2023-12-29 07:37:03.000565,Tires,Failure
a712e340-11e7-4ff3-9d05-7d8da939dfdc,TRUCK_000,2021-05-13 17:38:56.332615,Brakes,Scheduled Maintenance
4a484780-97d8-450f-ad95-04ce51ef81aa,TRUCK_035,2021-02-24 22:48:43.457298,Battery,Scheduled Maintenance
673cccbe-de49-479d-9227-522bda1374f7,TRUCK_018,2023-10-24 08:25:22.364496,Engine,Failure
339b62c5-e07e-4bd0-851f-21ac32c0c670,TRUCK_015,2021-08-25 00:07:25.387663,Transmission,Wear and Tear
1b421728-030e-4774-a9aa-d785dd2c74c1,TRUCK_001,2024-10-19 22:54:24.356022,Battery,Scheduled Maintenance
fb0ef4bd-f09a-453e-86e6-24d917620724,TRUCK_026,2022-02-27 10:21:48.434949,Tires,Scheduled Maintenance
7a4136f6-5295-4558-95e3-e4d6abf92838,TRUCK_036,2024-06-21 19:21:54.768507,Tires,Wear and Tear
d557ee42-8862-4cb5-a5c4-fa3254906dcd,TRUCK_022,2020-10-18 18:12:07.239219,Brakes,Scheduled Maintenance
b3afb429-2701-4984-8c0b-48d5bef0de31,TRUCK_003,2024-10-02 16:19:51.114296,Engine,Wear and Tear
cc61196d-15df-4120-8390-d2a348e2ebfa,TRUCK_012,2021-02-12 14:10:50.739798,Engine,Failure
ddc79e94-5a9b-46b9-8c1b-1c7d08c21d90,TRUCK_015,2023-12-21 17:59:55.374963,Battery,Wear and Tear
c51d1819-5538-4f55-88d6-ca6929d2f62c,TRUCK_049,2022-09-13 10:23:56.894814,Tires,Scheduled Maintenance
a305bd24-5cc0-46dc-a759-580b3ab144b1,TRUCK_031,2022-12-18 10:01:00.130580,Engine,Scheduled Maintenance
1f6cc225-38c8-44d6-bb85-59d7c9299061,TRUCK_042,2021-04-25 06:20:07.780935,Brakes,Scheduled Maintenance
530400c2-0d57-4226-8ce6-864ad547db31,TRUCK_026,2023-12-09 11:45:18.908532,Tires,Scheduled Maintenance
8b058a2b-e5d2-4c68-b5ae-eded7d72ef56,TRUCK_035,2021-07-12 14:48:40.928818,Tires,Scheduled Maintenance
2da7c51f-edf7-454d-9696-a6c20066abbc,TRUCK_022,2022-07-14 20:17:26.334479,Transmission,Failure
ec4d860b-3390-4969-860b-22d1e065ce19,TRUCK_009,2024-08-31 14:50:55.749198,Battery,Wear and Tear
15b310ca-192e-4867-b571-8337809bf589,TRUCK_043,2023-03-20 21:04:24.499866,Transmission,Wear and Tear
0f5aa537-7398-4188-99be-6d6b6e005b0f,TRUCK_026,2025-06-28 09:35:33.446714,Brakes,Scheduled Maintenance
f8501d29-dba9-41bb-a0ec-bbd22053c5eb,TRUCK_005,2023-05-26 19:19:41.938654,Engine,Scheduled Maintenance
3e6e8303-0edb-48fc-8739-8798816fec08,TRUCK_030,2024-03-25 03:18:32.583238,Brakes,Failure
349c4c60-b97e-4885-8bd4-a349c920c3df,TRUCK_043,2024-12-09 00:02:32.054323,Engine,Failure
37eb80e0-d650-41d7-9bcd-2ff00061c53f,TRUCK_000,2025-09-07 07:12:25.701129,Battery,Scheduled Maintenance
095e852e-2688-495a-be42-764d29fb93dd,TRUCK_018,2024-08-15 19:04:41.743281,Engine,Wear and Tear
dad6926c-b86a-4790-b632-4e4d766cc4be,TRUCK_038,2022-08-31 23:23:53.690992,Brakes,Wear and Tear
b63741c0-5917-4fe9-8c7c-bee60f973254,TRUCK_020,2023-05-23 21:04:35.710046,Tires,Wear and Tear
d6951821-6ea6-4cb5-b1f8-62cce40f3e90,TRUCK_023,2025-08-15 07:35:00.084794,Brakes,Failure
42bcb22c-660b-450a-88a4-2ccfab323e68,TRUCK_034,2021-01-22 15:43:21.016499,Tires,Failure
2717326a-6057-412d-8401-4f153382a502,TRUCK_035,2023-01-14 11:21:45.351552,Tires,Wear and Tear
e11c6019-e220-4a7b-a884-f6bc4ddff402,TRUCK_006,2022-05-20 05:42:31.409191,Brakes,Wear and Tear
dc6d64f1-c0c4-4b9a-8986-62ea2b785a37,TRUCK_021,2023-10-18 00:12:53.766144,Tires,Scheduled Maintenance
bfdf4778-1df7-438a-9215-07b74fdfbbf0,TRUCK_026,2021-11-18 19:26:04.352314,Battery,Wear and Tear
2190e593-b08e-4c1e-8260-c866ba972ccb,TRUCK_005,2023-04-10 16:56:50.082343,Tires,Wear and Tear
db893174-09d2-4878-8a57-d0b734e53e38,TRUCK_011,2022-08-15 03:37:58.634738,Engine,Wear and Tear
8962ea8d-c18a-4670-8b67-0715ccc87c50,TRUCK_010,2020-11-11 00:02:05.480348,Battery,Scheduled Maintenance
2a6a7813-2155-422f-9c1b-6855d2ca9a7a,TRUCK_045,2020-12-09 17:42:41.900570,Brakes,Wear and Tear
bbf7fe03-ca98-4015-841c-580ca40ece87,TRUCK_038,2024-11-28 04:30:39.410553,Battery,Failure
266f817c-65c2-45e5-a3f3-0d2ce0712b00,TRUCK_001,2024-01-10 18:44:08.762509,Brakes,Scheduled Maintenance
16040eae-7e98-41f3-819c-d416a2a04380,TRUCK_049,2020-12-30 04:23:28.577342,Tires,Wear and Tear
b021e98b-9863-4dd2-b827-4e54bfcd5829,TRUCK_017,2022-10-06 06:38:29.733032,Engine,Failure
eb979e2d-8dc9-42be-8a7e-a5ac2534714f,TRUCK_021,2024-06-04 11:32:53.366858,Brakes,Failure
06fbcce6-852b-4062-9b00-9605dfc794a5,TRUCK_041,2023-10-09 03:48:40.677799,Tires,Scheduled Maintenance
7f129e35-6558-4c62-9b31-17fe6f845a59,TRUCK_010,2021-05-24 03:42:24.386977,Brakes,Scheduled Maintenance
effb9e01-eebc-4bb1-b730-16757d5a010d,TRUCK_008,2025-02-25 17:54:07.410251,Battery,Scheduled Maintenance
625a55ae-6390-4deb-bfe7-b178a26d1ed2,TRUCK_030,2024-03-24 11:15:35.081139,Battery,Scheduled Maintenance
2c4c7f08-ad5e-4803-941b-d3648867c9c7,TRUCK_020,2021-06-20 01:54:04.182298,Engine,Scheduled Maintenance
c24e2d48-6c93-4b70-b72b-de8973782a90,TRUCK_013,2023-11-12 21:33:12.507480,Brakes,Scheduled Maintenance
2f94f0a7-4f2b-49a2-b431-795d6a1a5cc3,TRUCK_039,2022-04-20 10:25:42.866619,Brakes,Failure
7945737a-ceaa-46b0-b37c-6736244c8955,TRUCK_031,2022-10-16 18:11:43.620566,Brakes,Wear and Tear
33b6ff00-28fa-41d0-a879-a63c9ea2baa2,TRUCK_009,2024-10-05 07:52:56.320883,Brakes,Failure
3ff21691-1ef4-4675-85e9-1913b91a6af8,TRUCK_030,2023-03-17 09:05:19.607417,Transmission,Wear and Tear
dde26245-3aec-4265-9288-8aaea0a622e1,TRUCK_046,2024-01-10 19:12:47.864373,Brakes,Failure
9e6fb77f-acbf-4a61-a15a-2774d42bdcec,TRUCK_012,2023-02-25 01:54:32.486580,Tires,Scheduled Maintenance
db150c2c-537b-4edd-8396-d26320520b86,TRUCK_012,2022-08-27 20:13:43.632065,Brakes,Scheduled Maintenance
8b98f3cc-a12b-4b41-a7a8-9f12b4569e1b,TRUCK_007,2020-12-19 08:10:20.210468,Tires,Wear and Tear
aab64d81-3794-4f1b-99c5-5d8d8d5cb7a7,TRUCK_020,2022-08-10 18:01:21.665083,Transmission,Failure
0d9d7127-2d14-4218-87e7-a27d9746bd1f,TRUCK_012,2024-04-22 06:34:28.433315,Engine,Scheduled Maintenance
1c9882f6-85a5-46d9-9ee3-a7c4ad16e31f,TRUCK_019,2021-07-26 19:51:51.407022,Engine,Scheduled Maintenance
776f5278-cd77-4674-b2bb-bc87733d43ad,TRUCK_021,2022-12-17 06:29:10.598878,Tires,Scheduled Maintenance
b70d9f8b-002b-40a1-8198-07fa9a24c4ce,TRUCK_046,2025-06-02 08:08:25.200205,Battery,Failure
1b103eca-9713-4ce8-bfff-c6408512f894,TRUCK_031,2022-07-16 11:23:20.267076,Tires,Wear and Tear
abc261a4-11b4-4f44-94b4-3ee5aecea907,TRUCK_010,2023-06-19 20:52:36.368240,Brakes,Wear and Tear
ee2c1aa6-09a1-4603-9687-465cbec00b50,TRUCK_023,2024-12-28 00:22:16.870463,Tires,Failure
955ce228-9455-4de7-9903-7634b85e41c3,TRUCK_045,2025-07-22 11:27:39.250172,Battery,Scheduled Maintenance
833c4c61-d30f-4862-9a51-a74c907662f7,TRUCK_017,2023-05-31 16:39:22.395916,Tires,Scheduled Maintenance
a5dde3d6-d892-4e56-ba12-fe946683e5a2,TRUCK_035,2022-08-22 16:24:17.893923,Transmission,Failure
9a986957-d1b8-4268-8da8-dbf2281a40ed,TRUCK_003,2022-11-05 13:15:15.595740,Battery,Scheduled Maintenance
c0740bee-db04-49c0-b7f5-2e0118c87c3d,TRUCK_040,2024-02-29 15:12:38.375567,Engine,Failure
17f28e0d-e337-4963-8807-bdee71b604be,TRUCK_031,2021-07-29 11:12:51.476838,Engine,Failure
5b563e1a-5c73-44ff-991b-02fbb2b081ec,TRUCK_033,2022-04-16 03:17:36.417548,Tires,Failure
72a00465-7386-4d87-a0cd-a5b3c3ca72e6,TRUCK_044,2025-03-29 18:08:17.817218,Transmission,Failure
34e2fa90-15c0-4e3d-a54a-0616a734576c,TRUCK_048,2022-02-10 03:00:11.764678,Battery,Wear and Tear
7e9637a3-05db-403e-b419-ec68ff287563,TRUCK_036,2022-04-15 03:14:28.213902,Tires,Scheduled Maintenance
f3b5b46a-85f3-4a37-8de9-274fcbe9955b,TRUCK_041,2025-07-19 19:33:30.596802,Engine,Scheduled Maintenance
ec8f40f4-8fd8-4fe2-95cf-f0335d452215,TRUCK_013,2025-05-28 04:48:45.477676,Brakes,Wear and Tear
5693e47c-ee22-4e62-8aa0-c269175d7d6c,TRUCK_049,2022-08-23 00:32:39.835612,Transmission,Wear and Tear
cdfd6b5b-df24-4c15-ba5a-d2552282e261,TRUCK_016,2024-10-18 04:55:14.341370,Battery,Failure
678ea8c9-e61e-4a22-8a97-0083bb617503,TRUCK_040,2021-10-27 01:20:50.916872,Transmission,Failure
cc9e4740-d891-4955-ad94-09288aaadae5,TRUCK_026,2022-10-03 22:10:51.545192,Battery,Failure
45025e4a-7151-4853-b991-747001b54c66,TRUCK_033,2020-09-26 10:50:32.816674,Tires,Scheduled Maintenance
1e2a6865-7eaf-433b-805f-c32166a01177,TRUCK_020,2021-11-01 04:14:18.853879,Transmission,Scheduled Maintenance
be5f6109-dff7-4d9b-a3b3-115f3e45c969,TRUCK_020,2025-07-18 14:52:38.091955,Tires,Wear and Tear
ea316007-2d9c-45b4-a38d-cb783b5eed0e,TRUCK_034,2024-11-24 17:42:06.603832,Brakes,Scheduled Maintenance
552e9bb6-8938-47d9-9fbc-ecb6b0907a4c,TRUCK_003,2022-01-08 05:58:02.948945,Battery,Scheduled Maintenance
349f17db-976d-4092-b714-707efc1ae23b,TRUCK_000,2023-07-07 13:30:51.997055,Brakes,Failure
b1592339-0816-4d80-a18d-529f01f90a5b,TRUCK_044,2021-03-09 19:08:20.882219,Engine,Scheduled Maintenance
59ca99ee-4608-470b-aa9e-10f7834ed31f,TRUCK_019,2025-05-09 09:14:54.802048,Battery,Scheduled Maintenance
0a21826b-9d8e-4865-bbbc-422678573da2,TRUCK_044,2023-09-01 10:02:33.429238,Brakes,Failure
81b20809-769d-4c2f-8a55-81834e723cc8,TRUCK_019,2022-02-07 09:53:33.369963,Battery,Scheduled Maintenance
64a174fe-0df8-4874-91da-0eb6d92986e4,TRUCK_034,2021-02-21 04:26:27.950531,Engine,Wear and Tear
c2addc31-737c-4f79-8b8e-49c57f6e538d,TRUCK_044,2025-02-08 03:59:30.901172,Engine,Failure
041931e1-e32f-4d1d-9d1e-754dc62248fd,TRUCK_001,2023-07-24 04:56:42.401047,Battery,Wear and Tear
5d1f933c-56a0-48b8-a754-bc3acb8931e3,TRUCK_034,2024-01-30 08:01:46.394909,Battery,Wear and Tear
6f47f41d-0c25-4be3-8df1-f0419969a46d,TRUCK_027,2023-04-30 00:23:15.717273,Brakes,Scheduled Maintenance
aa410ab7-b121-4273-b7b7-67da8a953801,TRUCK_040,2021-12-24 15:06:03.951036,Engine,Wear and Tear
79008b97-300c-45db-b724-4eb9e6867235,TRUCK_021,2021-05-20 01:59:24.480685,Transmission,Wear and Tear
4993d3eb-8725-454d-a960-06148ef77d72,TRUCK_045,2023-03-30 11:42:20.933601,Battery,Wear and Tear
c4f9810a-7ade-4759-a6ed-f49a6784937f,TRUCK_026,2025-06-24 12:51:51.249409,Engine,Scheduled Maintenance
3b21aaf6-a95e-4aae-9934-d9e4b8b91b13,TRUCK_013,2024-10-12 15:08:51.298894,Battery,Failure
74d2a9e8-f795-4895-95e0-1087d51c5e2f,TRUCK_008,2024-02-09 11:44:45.863111,Transmission,Wear and Tear
ebf74959-276c-4055-a006-a3f20eb2ab16,TRUCK_009,2023-06-30 11:34:19.765476,Battery,Wear and Tear
d315013c-2277-4f7f-a925-348c3da488ed,TRUCK_023,2022-05-03 15:15:13.948693,Transmission,Wear and Tear
374112e7-cdea-4abf-a8cd-ea94c5a4ccf8,TRUCK_023,2024-05-12 08:37:19.905041,Transmission,Scheduled Maintenance
dcc7b713-33df-4214-8104-f03f1db3431a,TRUCK_008,2022-06-15 23:50:24.052415,Engine,Failure
d763381a-637f-4c6e-afcf-b4803097d6e1,TRUCK_037,2022-04-11 10:22:50.456186,Brakes,Scheduled Maintenance
f8c5fc23-7059-4454-a951-bc92ef996682,TRUCK_015,2021-09-14 05:47:19.597006,Battery,Failure
990e9c14-d3f5-40dd-9b6e-821bbc601042,TRUCK_047,2022-10-03 00:49:49.887636,Battery,Wear and Tear
c7fd4911-7943-4263-ae19-067e5d8ae1a1,TRUCK_032,2022-09-11 03:03:41.098070,Battery,Failure
f52ace58-2a4f-4fa8-85ea-f5d962a93ad3,TRUCK_026,2023-08-13 06:33:48.572955,Transmission,Wear and Tear
451352cd-5e89-4db9-8e8f-ed50587a800d,TRUCK_034,2024-11-06 17:23:22.856668,Tires,Wear and Tear
6bb83ec3-ca4d-4797-8b49-7d8c0993fa6b,TRUCK_010,2024-05-18 16:36:25.038555,Tires,Failure
f918a150-f6b8-49c8-8242-3af95c8c2674,TRUCK_039,2022-04-25 02:19:31.809249,Brakes,Wear and Tear
efff5915-e137-4ea9-88da-69c992f15456,TRUCK_019,2025-02-11 23:58:49.352310,Transmission,Failure
650c79a9-5efb-4bd4-b605-80ede4732aa0,TRUCK_035,2022-07-11 03:58:07.788243,Tires,Scheduled Maintenance
028e4d5c-f0ab-4068-bfc6-5de0f586a08c,TRUCK_018,2021-05-23 21:05:58.992878,Brakes,Wear and Tear
1739d662-cf05-4159-b377-a68e10990ee7,TRUCK_029,2022-05-17 14:09:39.490712,Tires,Scheduled Maintenance
eb087564-7d6d-4443-a149-16186903c616,TRUCK_044,2020-10-29 08:03:10.118354,Brakes,Wear and Tear
4127a265-d147-44d3-8006-b07f421654e8,TRUCK_049,2023-03-10 23:17:21.148878,Engine,Wear and Tear
86564461-c8fa-4124-956c-2b0cabde7d4b,TRUCK_047,2020-10-29 05:19:20.704893,Tires,Scheduled Maintenance
7e267d0c-caec-43d7-af9a-12989396e86c,TRUCK_043,2021-09-21 00:26:36.225449,Tires,Wear and Tear
f8aaf5fc-2739-49c9-837d-858a5cc3cc8b,TRUCK_012,2021-01-10 03:06:08.715575,Engine,Failure
d2bb3765-5591-4d83-aaa3-846083e9c91f,TRUCK_018,2022-10-07 02:50:26.756701,Engine,Failure
00d412c7-4d25-47cc-ac45-e42659cff203,TRUCK_039,2022-08-21 04:26:29.370970,Battery,Wear and Tear
af8009b2-3464-4ea8-b549-c8760b64a4d8,TRUCK_023,2023-06-13 02:11:57.182519,Tires,Scheduled Maintenance
49add862-79fc-46e6-a9b7-e1c1ad67e7a2,TRUCK_012,2025-08-22 12:50:54.188173,Transmission,Wear and Tear
2b60b71a-51b1-40a5-9dfd-1f9438437707,TRUCK_022,2021-02-21 15:24:01.873863,Brakes,Failure
68550074-2aa1-40c0-89c5-8118e17ea241,TRUCK_035,2022-02-20 14:53:12.386210,Battery,Failure
99556d11-5ab2-4486-a907-c07e144c4e7d,TRUCK_033,2023-12-05 21:04:50.776205,Battery,Failure
e9379f1a-93dd-4b08-b924-c4e3fc2f258d,TRUCK_018,2024-04-26 19:01:08.605224,Brakes,Wear and Tear
3a2171b9-4e89-4423-ba37-3e8d98264ebf,TRUCK_031,2022-05-24 07:27:17.748571,Transmission,Wear and Tear
f1f20b2a-ce6e-4022-8176-b3c330517f6b,TRUCK_038,2023-04-20 14:30:37.094629,Engine,Wear and Tear
07782e7e-d159-4a1b-b9aa-10c4b1d8c9b8,TRUCK_006,2023-12-05 05:37:17.695807,Engine,Scheduled Maintenance
fc385f6d-bebe-4ed6-a0b4-ae8a22b8f0d3,TRUCK_017,2024-04-25 17:45:12.424128,Engine,Failure
6abb8ea5-2846-4320-8368-5cbb14eec80c,TRUCK_048,2024-02-10 01:01:00.331382,Battery,Failure
b060b228-1dcd-4789-9015-3d946153049d,TRUCK_005,2025-05-17 14:52:53.326984,Transmission,Failure
ae3b48ff-04e5-448a-9d4f-2c4fa8a30210,TRUCK_036,2021-06-26 22:54:50.106721,Battery,Wear and Tear
b2c6028e-b429-4746-9b2b-a6243ad47daa,TRUCK_006,2021-01-30 08:21:58.992239,Tires,Scheduled Maintenance
bdad4a56-53fc-4321-a5d7-f0038da40a4e,TRUCK_005,2025-06-03 21:31:05.353699,Tires,Wear and Tear
bc81e3aa-f4d1-4fba-9375-7ada230458d4,TRUCK_042,2022-04-13 12:43:55.882587,Tires,Wear and Tear
c218025b-6507-40f5-a993-3c3b78e6eb95,TRUCK_033,2020-12-23 10:53:50.821911,Transmission,Failure
8045a83a-f077-46d5-baca-1aeef581b982,TRUCK_044,2025-02-10 23:06:14.667095,Brakes,Failure
1c8e73c2-4333-4d5d-86b1-ec4572412a06,TRUCK_042,2021-06-10 07:03:33.499606,Battery,Wear and Tear
79729679-fb32-4f59-9924-f092aaba2eec,TRUCK_000,2021-05-04 23:49:03.220688,Tires,Wear and Tear
b5175f2a-0085-4032-a62d-81e51558d3b7,TRUCK_015,2024-02-22 03:56:55.817017,Tires,Scheduled Maintenance
6d586b52-82ca-4dc8-a030-c5ca8ba59170,TRUCK_007,2022-07-07 12:53:56.753455,Battery,Failure
06359ccc-2c36-414f-8a4e-8634359849bc,TRUCK_019,2024-11-21 04:05:47.744311,Battery,Failure
a13c125e-f627-4223-8a69-2572883e1ab5,TRUCK_035,2020-12-17 08:48:17.497108,Brakes,Failure
08de7206-efbc-4210-b38a-5b7619ae7c4d,TRUCK_008,2025-03-02 23:23:50.582379,Transmission,Wear and Tear
0be23fe8-f80b-40b3-ae4b-f09878388650,TRUCK_031,2022-12-21 00:46:40.829889,Tires,Failure
f65eb9a3-217a-4985-af0d-fe46d6bfcc77,TRUCK_027,2021-04-03 21:42:05.053851,Engine,Scheduled Maintenance
72d226fc-2136-408a-9bd3-fd3af330131b,TRUCK_023,2022-05-02 02:43:55.203097,Tires,Scheduled Maintenance
08d939bc-3e2b-4708-877b-05c9c286c6ec,TRUCK_028,2020-11-27 09:15:34.993439,Transmission,Failure
4fc8ceb3-2ff1-4d1f-b41a-5f49354a0af7,TRUCK_007,2020-10-03 12:26:09.168279,Battery,Wear and Tear
3ebefd71-ee73-4886-972c-f66db2295848,TRUCK_000,2022-11-07 07:52:37.222303,Engine,Failure
04f9c056-b2fd-43a6-900f-77ff43385fb9,TRUCK_035,2022-10-01 21:32:30.830697,Engine,Wear and Tear
7851052f-8c5b-46e4-b9d1-6050dffe3cce,TRUCK_017,2021-02-25 06:35:57.246029,Tires,Wear and Tear
1eeafb57-46f0-453a-ae7c-41a252036dc6,TRUCK_003,2023-09-05 22:09:26.999854,Engine,Wear and Tear
706f045b-7811-4cfc-940c-3ce7b10790b5,TRUCK_012,2023-01-22 13:25:09.432039,Engine,Wear and Tear
afff06e4-0e1e-4844-b8fb-c2351d2a082a,TRUCK_018,2021-03-28 10:54:57.237140,Tires,Scheduled Maintenance
7198b193-bd71-4601-a8b1-7b7da7f18283,TRUCK_026,2021-01-11 17:17:26.113845,Engine,Failure
5e4c03d6-530a-4f10-a288-a5c92c277cfc,TRUCK_042,2021-09-18 21:29:12.830200,Tires,Failure
0ff7b266-e74f-4820-b91d-5767b302c993,TRUCK_000,2021-06-05 13:16:55.459556,Battery,Wear and Tear
bc650309-86e8-44a2-a5f7-9b3089cdecc2,TRUCK_020,2023-12-04 14:20:25.519774,Tires,Wear and Tear
31f78047-f0ce-48d5-8c4c-bf4f7c939c48,TRUCK_049,2022-03-22 15:18:36.903203,Tires,Wear and Tear
f815fe0b-d509-47ed-a92c-88fccbe5108f,TRUCK_049,2025-02-14 17:58:49.599581,Transmission,Scheduled Maintenance
a7d2f101-232b-4324-a362-1f26146fa2c0,TRUCK_027,2022-08-07 05:18:33.892884,Tires,Failure
fd04408c-0caf-4ae3-b0d2-047796da03a2,TRUCK_008,2023-07-25 06:29:23.940906,Brakes,Wear and Tear
c058371f-1eea-46f4-ae5a-d1a7c22b8db0,TRUCK_001,2022-09-28 18:43:01.153898,Brakes,Wear and Tear
1d48e69b-790f-46c2-8bf4-421d8d423c22,TRUCK_043,2024-01-29 15:10:49.400632,Brakes,Failure
df8b7d71-4184-42d1-9479-2ea3b4177fa3,TRUCK_012,2025-03-11 09:01:46.227226,Tires,Scheduled Maintenance
33d0782b-20d5-46a7-902b-17f0026ee670,TRUCK_034,2025-05-14 17:12:29.581199,Tires,Failure
578ac2d0-28e7-4f0b-bdce-318292afbc34,TRUCK_035,2023-10-30 06:21:46.796829,Battery,Wear and Tear
37c78c7f-d61f-420f-a830-36e89f4a6d3d,TRUCK_017,2021-06-03 16:43:18.574298,Brakes,Wear and Tear
020bae4a-427b-4648-aeb3-2267e06f8419,TRUCK_019,2025-03-01 15:47:21.583718,Tires,Wear and Tear
827a33e7-2f22-4d98-a22b-1bf55fc0d497,TRUCK_049,2023-12-20 10:51:30.486262,Tires,Scheduled Maintenance
12247a95-de5c-417e-8388-16936af99d6a,TRUCK_045,2023-04-28 15:54:49.350029,Engine,Scheduled Maintenance
7c5fe7e5-b19e-4027-a533-162ff808f932,TRUCK_006,2023-08-18 02:55:26.634726,Transmission,Scheduled Maintenance
b6894546-111e-4650-bd8b-96fa1b7287d9,TRUCK_016,2022-07-23 09:57:51.466090,Brakes,Failure
717b00d3-6a6a-4fd3-acb4-9aefef025075,TRUCK_015,2025-05-19 14:35:34.681818,Brakes,Wear and Tear
ce2bef7b-a8dc-4773-b16d-aef607f1ac35,TRUCK_042,2025-03-13 13:06:31.257002,Engine,Wear and Tear
646de166-999f-4b50-ad97-221e37d3bd8e,TRUCK_037,2021-06-18 03:05:31.045381,Battery,Scheduled Maintenance
6a657897-a838-4874-8a0b-4a03caa72a54,TRUCK_015,2024-12-29 17:36:40.539873,Engine,Failure
dd2a83d2-6249-4e2c-9fa4-116b4c7c3bf6,TRUCK_043,2024-12-15 17:50:54.178654,Transmission,Wear and Tear
a556fe67-aaf1-45b1-88cf-6bb2f10ee5a7,TRUCK_044,2022-01-09 03:41:02.466146,Transmission,Scheduled Maintenance
9cfb6430-704d-4d7c-89f6-2f9f352c6bf1,TRUCK_047,2025-03-18 00:26:21.035028,Tires,Wear and Tear
11094afc-bc89-4895-9ea4-c2e5e32a7a0e,TRUCK_009,2022-05-25 23:18:03.654273,Battery,Scheduled Maintenance
127e164a-0617-4459-920c-d4d213d96af1,TRUCK_009,2022-09-03 09:53:15.890824,Battery,Failure
41762913-f9d1-4537-8793-ff34ddfdc316,TRUCK_049,2020-12-05 08:19:57.978664,Engine,Failure
2b5a09dd-7122-467e-9e90-c5873fb06b76,TRUCK_042,2021-03-01 09:17:34.312113,Engine,Wear and Tear
13e94a9f-d2b1-4418-a624-6ac0569ab1cf,TRUCK_048,2022-12-07 17:48:41.201442,Transmission,Failure
d0eb582b-7925-448f-9bdd-4310f34cbafd,TRUCK_008,2022-05-07 02:06:37.742192,Battery,Scheduled Maintenance
0952ab15-a5ee-4314-a6f8-61eed95f2e9c,TRUCK_015,2024-04-18 02:18:29.992029,Brakes,Scheduled Maintenance
de53f311-47b3-4df6-9b24-845d36d7070b,TRUCK_018,2022-12-18 16:29:22.577818,Battery,Wear and Tear
483aa21a-296e-420b-b8e5-9eceae118d89,TRUCK_013,2022-03-31 10:21:35.848161,Brakes,Scheduled Maintenance
7db8ffa1-32fa-429e-8227-cc5ca9f7e91a,TRUCK_014,2023-01-15 10:15:36.082457,Transmission,Scheduled Maintenance
ee70ab6b-e002-41f3-84cc-69e9a05b3077,TRUCK_022,2022-07-22 07:53:55.555712,Brakes,Wear and Tear
40bd6456-351b-4be9-a2e7-3cbb138f0696,TRUCK_038,2024-11-05 00:25:51.366884,Tires,Wear and Tear
bb50c254-8927-4c13-be29-9222096cd7d4,TRUCK_034,2021-05-25 19:36:29.274941,Engine,Wear and Tear
819eb2c0-113d-49d9-8bc4-22fe03940d55,TRUCK_033,2023-07-01 20:36:24.357232,Transmission,Failure
f4c5d867-0b32-4c7c-9267-b586d39b107e,TRUCK_020,2020-11-11 11:33:41.631619,Tires,Wear and Tear
5b46c1e9-f97d-4348-a4dc-7224214c8d38,TRUCK_005,2024-07-02 08:00:24.355593,Tires,Failure
5fa2fb42-3539-4127-8add-ce6f6d87cca4,TRUCK_011,2021-10-28 15:36:21.978742,Tires,Failure
c0f9290b-68e8-45ab-bb9d-3d3d763b6de4,TRUCK_007,2020-12-17 17:19:31.221425,Transmission,Wear and Tear
8b6b2d98-582e-4190-b3cd-b1a5bc68ba92,TRUCK_006,2021-10-16 19:45:04.951303,Tires,Scheduled Maintenance
d872b9d8-3556-424a-92ed-ad7dcc80df13,TRUCK_037,2022-08-07 19:47:36.092807,Brakes,Scheduled Maintenance
13039054-dffe-464a-ae01-f9bf307cb545,TRUCK_006,2022-09-23 02:28:43.099532,Engine,Failure
7d2ba1e2-0f28-4511-b251-79b7925c70ad,TRUCK_002,2022-05-14 21:57:47.530886,Engine,Wear and Tear
c2a5141a-dc97-406e-90a1-29290e867da3,TRUCK_048,2022-08-16 04:42:25.521514,Transmission,Wear and Tear
b99c1d4b-4b0c-4534-b261-f15be3a57523,TRUCK_041,2025-01-16 21:59:15.766016,Brakes,Failure
8b5fc620-960b-4270-91b1-3dff273fdddd,TRUCK_023,2025-03-26 10:56:23.293822,Brakes,Wear and Tear
a9ceba6a-79bf-470a-907a-c4cf8c176581,TRUCK_019,2024-04-18 11:15:52.271431,Battery,Scheduled Maintenance
53e2c699-cc01-4d76-878b-10a40789d2d5,TRUCK_009,2021-05-27 15:02:42.090631,Battery,Wear and Tear
b01b25db-0213-4ef4-86f9-61b380918483,TRUCK_012,2022-05-13 07:06:39.288711,Brakes,Wear and Tear
edf0cb33-d11d-4bdf-af5e-f4f3388e26a2,TRUCK_044,2024-02-01 10:02:09.417604,Engine,Wear and Tear
fdeafc3f-7e05-496c-8336-12462cc8d67e,TRUCK_003,2021-12-15 11:32:05.646939,Battery,Scheduled Maintenance
0f06bab4-57f5-425b-b813-3fa0fcaf5e8e,TRUCK_031,2020-12-12 15:40:52.681299,Tires,Wear and Tear
a34f696f-1664-40e1-bfdf-d5851a2eff76,TRUCK_012,2022-03-05 05:40:37.081457,Transmission,Failure
781823ed-025a-41db-8573-8aad33d3e4a6,TRUCK_043,2024-09-28 19:15:07.036039,Transmission,Scheduled Maintenance
a5ad409b-f042-4a1b-8087-4efed9f83a4d,TRUCK_014,2022-04-24 15:33:34.363915,Transmission,Scheduled Maintenance
a64212e8-f86f-498a-ab11-28bb5dd95357,TRUCK_015,2023-01-03 20:47:31.585857,Brakes,Scheduled Maintenance
2f6b64f8-09c5-48ba-b1e9-5b48bd4aae75,TRUCK_017,2022-01-26 11:11:37.603496,Engine,Scheduled Maintenance
32b4c3e2-cd64-447d-8d82-d4ac60213c36,TRUCK_035,2021-09-10 11:47:10.644374,Transmission,Wear and Tear
2a9c67d4-ea7d-466b-9b43-47fb8f88f1a2,TRUCK_026,2022-06-13 10:19:29.150363,Engine,Scheduled Maintenance
27fcfbc1-a3ab-4656-8371-8b9435395474,TRUCK_004,2023-10-14 01:45:22.554001,Transmission,Failure
93bd95e6-43e4-4247-bd75-7e0b04875e9a,TRUCK_016,2021-01-23 13:57:10.107672,Engine,Failure
1d514ed2-57c3-4d9b-bccd-248a82582922,TRUCK_037,2023-03-07 07:47:53.563187,Battery,Scheduled Maintenance
c20acb5c-6444-4fe3-82b9-499ab44aa823,TRUCK_034,2022-12-16 11:35:17.086448,Transmission,Scheduled Maintenance
04b87c7a-c665-4a55-8d20-b32d8c2e2699,TRUCK_045,2023-06-19 15:05:27.556406,Tires,Wear and Tear
95021684-e71f-4092-8ef5-31774685c090,TRUCK_019,2024-11-28 07:44:34.092094,Tires,Wear and Tear
6dc7f1a9-c527-4320-901e-bc4ccd6ce7be,TRUCK_028,2021-01-19 01:39:36.822898,Transmission,Failure
5b16560e-48fc-4683-ae56-fff283f6339d,TRUCK_010,2024-12-10 16:26:19.887185,Battery,Failure
cf4e1fd2-a88b-4e94-95ef-ecbefd89474a,TRUCK_023,2022-09-11 02:17:19.387951,Battery,Scheduled Maintenance
e3c350a7-1449-47ff-8a63-fe875dff967f,TRUCK_010,2023-09-14 10:20:18.098326,Engine,Failure
ca7f6629-8c6e-4034-bb46-3ca29a57e64f,TRUCK_045,2023-09-12 09:44:34.194757,Brakes,Failure
31a460db-761e-429c-940f-93798e891bef,TRUCK_031,2025-08-17 19:04:00.310892,Tires,Wear and Tear
7d855390-2f49-4dcb-8f27-d6bc7c07947e,TRUCK_037,2024-04-22 14:08:48.742383,Transmission,Failure
f50d4809-5155-4b4a-9669-21b980df6aab,TRUCK_014,2020-10-24 22:33:00.307297,Transmission,Failure
1fc5d7b2-baf7-4467-8b00-39e1484e5835,TRUCK_003,2024-12-22 20:24:42.839937,Transmission,Scheduled Maintenance
2112458a-d450-4134-bbef-1711266f5f49,TRUCK_004,2025-08-31 01:33:22.506660,Transmission,Scheduled Maintenance
494eface-84ac-4530-acb8-8c17dff513ab,TRUCK_008,2025-05-03 18:20:08.362710,Brakes,Wear and Tear
5581a01d-3ad2-4817-9478-63e0dd460835,TRUCK_006,2022-10-21 14:14:54.046365,Brakes,Scheduled Maintenance
0090eece-512f-419e-9985-a7954fd10f99,TRUCK_041,2021-08-05 12:52:45.600523,Transmission,Wear and Tear
8e26c0fc-0670-489d-8e4f-3c4bcd8be92e,TRUCK_014,2021-02-28 11:06:54.530828,Engine,Scheduled Maintenance
d1c133d3-252a-41f0-8ff2-7393e38a897b,TRUCK_033,2024-08-20 18:58:28.062561,Battery,Wear and Tear
07978b1d-d4ec-420f-9006-d2f78e2e9ccf,TRUCK_049,2023-06-13 10:24:02.510039,Tires,Scheduled Maintenance
68810ce7-8b5a-4455-a627-510307747721,TRUCK_022,2024-10-02 01:11:12.040081,Tires,Failure
1dea35f3-6809-4135-9820-0475f2afaec5,TRUCK_022,2021-10-22 22:50:08.253763,Engine,Scheduled Maintenance
7f71b4d4-7f82-4ea9-b79a-ab94b1531d39,TRUCK_043,2022-10-19 09:09:23.400694,Brakes,Failure
1cba0c31-e9ec-4629-8234-d3d54f29dc78,TRUCK_041,2023-07-20 09:02:11.173038,Brakes,Scheduled Maintenance
67f8aa2c-3ec2-4331-b877-608313f2b360,TRUCK_036,2023-06-11 15:53:29.752931,Battery,Scheduled Maintenance
7c136936-ae93-4b31-92c2-959588f581c4,TRUCK_033,2022-09-03 21:06:00.883049,Tires,Scheduled Maintenance
a7a109fd-2413-4d13-a13b-13a088a95e8d,TRUCK_004,2020-10-01 16:00:29.285317,Brakes,Failure
5738fffc-4195-49a8-bb21-5674f0e9b3b4,TRUCK_045,2022-09-21 02:48:10.433527,Battery,Wear and Tear
ca2611dc-d913-4562-9413-63c6648cab05,TRUCK_018,2022-01-27 20:57:37.253740,Tires,Failure
37f87998-cca4-4fb1-ae8b-763036629ec4,TRUCK_037,2024-07-12 06:07:17.189997,Engine,Wear and Tear
efb0aceb-ea99-4f41-8895-efa95a1b2abc,TRUCK_022,2021-06-20 17:35:36.973814,Brakes,Failure
ccd23619-15fc-4726-875d-3924dbd4bd84,TRUCK_045,2021-05-17 13:49:05.454120,Engine,Scheduled Maintenance
5686230d-c14f-428d-9c35-58d87551da31,TRUCK_005,2023-07-27 03:06:04.434519,Engine,Scheduled Maintenance
6c07e0c1-feb0-4d73-8702-8d8ec9dc6cf2,TRUCK_034,2021-11-10 15:44:00.765174,Transmission,Scheduled Maintenance
4ee235c8-c255-4bce-bf85-bebc70716dc2,TRUCK_006,2022-12-09 14:44:59.139507,Tires,Failure
8f29efbc-777a-479b-8b54-65e2fde5a345,TRUCK_010,2025-01-01 01:09:40.060697,Transmission,Wear and Tear
b6d151ec-c749-4fcc-b200-12099d4cd1e9,TRUCK_017,2024-10-16 11:30:37.719153,Battery,Wear and Tear
f2b1fd0d-830b-46cf-98a6-d4ff7b755407,TRUCK_013,2022-11-04 10:53:21.919006,Tires,Failure
572e531d-ec05-4c74-97e3-e1342a0e189b,TRUCK_047,2021-02-13 04:57:47.900100,Transmission,Failure
6e27a0d0-343d-4db3-be1f-101c19877920,TRUCK_049,2022-04-06 06:43:36.829680,Engine,Failure
b3969a2c-9110-4054-b481-3f9cff23b674,TRUCK_036,2023-05-03 18:00:20.693931,Transmission,Wear and Tear
aa5e813c-1536-4481-a3f0-326c60b7da81,TRUCK_010,2023-06-26 04:46:50.321077,Transmission,Wear and Tear
45b0786e-60da-4873-aea1-4a320d1fe022,TRUCK_010,2022-07-07 08:23:33.834116,Brakes,Failure
71d5f269-f76d-4c97-a529-7d61cf85831d,TRUCK_029,2023-04-17 08:31:48.617279,Transmission,Wear and Tear
83abd592-0738-4cf5-8bed-b23a2fa38452,TRUCK_029,2025-07-06 02:44:12.444654,Engine,Scheduled Maintenance
39d6281d-00ed-4383-a9ac-5c629f471266,TRUCK_040,2022-06-06 20:40:43.911727,Battery,Failure
f9d65ddd-5943-4122-9a5d-d1d67d529136,TRUCK_034,2025-06-28 07:27:30.244232,Battery,Failure
c8e4785e-b28f-45fc-aaac-b4f946ddbfbd,TRUCK_022,2025-05-30 17:42:17.948757,Battery,Wear and Tear
56249bbd-e929-427b-b418-e30ee7343426,TRUCK_005,2024-04-19 00:24:28.344191,Battery,Failure
26c020d4-830f-4f6f-adee-42e4f71711d2,TRUCK_009,2024-08-13 08:45:40.406768,Brakes,Scheduled Maintenance
93608551-84fc-4665-b3ef-b57177413dc9,TRUCK_047,2023-12-22 04:03:02.286304,Engine,Failure
88352db2-da20-4a01-b750-cf79facc202b,TRUCK_013,2020-12-10 15:40:53.585925,Transmission,Wear and Tear
4fd86689-9ed9-484f-b57c-4fafb194aa30,TRUCK_038,2023-02-01 01:40:17.653567,Brakes,Failure
f27fda08-2928-4acb-bbf7-bf76302753c1,TRUCK_014,2024-06-18 23:39:36.212304,Brakes,Wear and Tear
95c30048-6e0a-4a2f-96ae-d6032eca6877,TRUCK_033,2021-03-18 23:25:10.270001,Tires,Wear and Tear
2064b4fd-de58-4153-aaaa-a0c29f04c768,TRUCK_023,2024-03-16 04:47:05.556443,Tires,Wear and Tear
4ecf7dc5-8ba6-4838-9ee7-5e8141a1f0cb,TRUCK_004,2022-01-26 20:45:17.110186,Battery,Wear and Tear
b092e9aa-bb81-4b1e-9469-b8ca87931a3a,TRUCK_020,2025-06-08 05:10:32.784062,Brakes,Failure
61a2cc16-789d-4f91-ad3f-6a6eee0f5656,TRUCK_040,2021-05-18 14:40:33.259900,Transmission,Scheduled Maintenance
71310c29-506c-42a5-8e11-53e80535d34d,TRUCK_047,2023-04-04 13:56:07.439534,Brakes,Failure
1d57494b-f885-40e7-b8ca-92c6a1bae755,TRUCK_014,2025-06-24 03:43:59.237526,Brakes,Wear and Tear
4110bb13-9724-45d3-939d-866a42011550,TRUCK_026,2022-04-15 14:04:43.773730,Brakes,Failure
16e250f7-ac30-4a8e-ad36-444324aaab34,TRUCK_004,2025-09-10 05:49:01.465991,Tires,Scheduled Maintenance
284e7ff3-eb20-49b4-aac4-93534e541988,TRUCK_022,2025-07-19 11:43:54.477853,Engine,Wear and Tear
6ffecc66-e942-409a-8032-3a00d6581dde,TRUCK_035,2021-05-27 21:05:11.174114,Battery,Failure
672f4ffd-6b35-499c-96ac-bec19b94d778,TRUCK_016,2024-05-20 03:28:11.997356,Engine,Scheduled Maintenance
04878aae-dd5e-4925-a23e-1b81f05c89bd,TRUCK_021,2021-11-15 05:48:16.244530,Brakes,Scheduled Maintenance
b9c3f6e0-158d-4040-8b4d-c399eb34e3c7,TRUCK_000,2021-09-09 12:08:13.054371,Brakes,Failure
1767d5ff-91d8-484a-ab63-6f2c15187c67,TRUCK_036,2025-01-10 12:04:59.792015,Brakes,Failure
150c6fa0-57b6-47c1-bd1d-29fd0d5d15de,TRUCK_042,2024-10-14 02:27:48.549907,Brakes,Wear and Tear
cd25e2f1-590a-4147-b8f4-455da0574fe8,TRUCK_032,2025-05-17 12:36:26.063320,Engine,Scheduled Maintenance
c4497d59-a920-47c3-bd08-1a592f1a168b,TRUCK_003,2023-07-03 02:41:48.977361,Battery,Failure
4e65e2c8-6052-436e-985c-8564de25a626,TRUCK_046,2024-08-07 18:33:25.940976,Engine,Wear and Tear
bb1254a2-32ac-417a-b785-38b4ba4f6fc7,TRUCK_012,2022-03-30 10:58:48.483315,Battery,Wear and Tear
7699d60d-713b-40e4-b211-97ead797fec8,TRUCK_002,2024-01-01 19:12:34.170516,Battery,Failure
eec93905-b874-4c89-8c67-1f83c68294be,TRUCK_034,2025-08-25 07:06:24.003400,Battery,Wear and Tear
0b981786-e913-4f9b-83f7-b96c36ed4fa3,TRUCK_035,2024-03-05 21:43:26.442564,Engine,Scheduled Maintenance
9f0e898d-3929-4580-84fc-72c849ac2437,TRUCK_012,2024-05-20 23:48:45.827030,Tires,Failure
2f75407e-541e-41ac-8d1f-4c0f8d47aca2,TRUCK_011,2024-01-02 03:23:48.903872,Tires,Wear and Tear
67285ccb-dbd6-4f8b-a768-fe14cb478c41,TRUCK_016,2023-01-26 08:15:00.917758,Transmission,Wear and Tear
20415070-e4ab-4efd-b674-f3aca25e6628,TRUCK_012,2024-11-13 07:36:07.206471,Tires,Failure
14d90cb6-1a29-4c05-a437-f3c9de04538e,TRUCK_035,2021-06-04 06:06:05.808679,Brakes,Failure
fad91e2c-79d4-4c2c-95eb-574cc2641373,TRUCK_041,2021-07-17 04:23:49.582099,Tires,Failure
b39b0233-42eb-4579-9b26-3277161e0ba4,TRUCK_014,2023-08-20 04:14:09.240541,Transmission,Wear and Tear
78a5dc26-5e55-4e3e-bfbe-c04e06afef7c,TRUCK_049,2024-07-06 07:37:16.359643,Battery,Scheduled Maintenance
f92ccace-a8eb-4709-ba47-d8635fcc6bf0,TRUCK_017,2025-06-10 23:49:12.942072,Brakes,Wear and Tear
d89e614f-2a1a-4a2b-8335-26d03f5a3f1e,TRUCK_027,2024-07-03 03:37:29.160860,Battery,Scheduled Maintenance
8aedd7be-d00f-4df1-8bfc-eb686584e6df,TRUCK_047,2020-12-26 00:05:45.633418,Transmission,Wear and Tear
988242b5-3b8d-4598-97a2-8882b8c68afb,TRUCK_017,2020-12-23 15:24:18.534102,Tires,Failure
eea0fb22-0a6e-4168-965c-54ecbb6e6517,TRUCK_042,2024-12-18 03:47:04.248648,Transmission,Failure
1fadf554-6e81-4faf-9539-2d451278bf4d,TRUCK_047,2022-04-01 00:11:35.809409,Transmission,Failure
c79aa500-284a-4862-9338-8a3e998a3eaf,TRUCK_028,2022-01-28 18:29:24.330413,Tires,Scheduled Maintenance
c9dd7056-245a-45c9-b592-8705c9b2ff56,TRUCK_011,2022-12-18 01:47:03.925590,Tires,Scheduled Maintenance
47a0725b-7430-410a-b973-6aafd7d1ae19,TRUCK_022,2024-08-28 15:52:26.179058,Engine,Scheduled Maintenance
4632055c-ebfb-4572-8d05-2bc32ac84f11,TRUCK_002,2021-11-15 18:13:59.689247,Transmission,Scheduled Maintenance
9188998e-5398-4cb6-b000-da0b07705db5,TRUCK_047,2024-04-12 21:18:12.781009,Tires,Wear and Tear
7900af9d-1553-4256-8221-70d80608d91b,TRUCK_049,2021-07-23 19:22:46.740381,Battery,Failure
45581855-45c9-49ef-af85-369abb323946,TRUCK_004,2024-01-13 08:16:21.837198,Battery,Wear and Tear
d06602e1-3cf0-409e-9581-c1679a88d3e0,TRUCK_034,2024-06-07 17:24:18.642107,Engine,Failure
ba0a1a52-ff77-4b9b-809c-6d9815a2b5b5,TRUCK_030,2021-05-28 07:36:59.300219,Tires,Scheduled Maintenance
5d4b284c-b6db-4e9e-8314-ce9c7ee19f19,TRUCK_040,2020-09-24 19:53:03.304394,Brakes,Scheduled Maintenance
5b8ce822-4f46-4c48-aebe-06e062a5511e,TRUCK_025,2020-11-05 02:45:26.228822,Brakes,Scheduled Maintenance
d5b7da0e-8ae2-44f7-b030-0498dfa09040,TRUCK_034,2020-12-11 11:54:04.700270,Tires,Wear and Tear
aa287211-385e-45ac-8aba-1d20dbdc85ff,TRUCK_038,2023-05-30 09:21:10.733050,Brakes,Failure
e9c73224-45db-4af3-8ec2-747e3d76cdcf,TRUCK_048,2023-08-19 03:28:07.895402,Brakes,Scheduled Maintenance
1bb34b9e-7e01-4f7f-a4db-1becc391dd7d,TRUCK_036,2025-03-02 17:33:25.681196,Engine,Wear and Tear
ca57882f-dcbb-49eb-b55e-d0c4575dc418,TRUCK_024,2023-11-08 15:10:33.559153,Tires,Wear and Tear
9215eeea-93a3-43a0-808e-c3e53c17a05a,TRUCK_001,2021-06-22 12:04:22.641220,Transmission,Scheduled Maintenance
e95052cd-92d7-4128-998e-855bb1011bc5,TRUCK_002,2024-02-06 07:17:07.633087,Brakes,Failure
39500dbd-a53a-45a0-874b-9307efca5d1a,TRUCK_005,2022-04-28 08:44:56.848722,Battery,Failure
0d2e0f72-09c7-4029-8c65-32f106382f5f,TRUCK_036,2024-08-29 19:13:26.347901,Brakes,Failure
f1602c43-f7ab-432e-8d16-abeb6acc1960,TRUCK_011,2023-08-21 03:18:31.511641,Engine,Failure
98a40cc4-0643-4de0-93cd-a00e966eb30c,TRUCK_043,2024-09-11 20:42:23.353487,Engine,Failure
1d9bb50b-7e7d-47f1-ba95-8f7c2484da06,TRUCK_034,2025-04-09 14:49:16.298962,Battery,Failure
71d7706b-43f3-4aed-bbbb-6c7de756daf7,TRUCK_046,2023-05-14 06:26:23.832012,Transmission,Wear and Tear
c7b658a9-51d8-401d-8c53-cfd83d90de42,TRUCK_036,2024-04-19 03:39:07.741132,Transmission,Wear and Tear
6e1ed7a6-ebf7-49bf-ae34-f382c38d027b,TRUCK_004,2023-11-01 23:46:27.248125,Battery,Wear and Tear
bed044cf-9f42-45b6-9f41-e9f767faff0c,TRUCK_038,2020-11-20 19:59:36.673701,Tires,Failure
a9c28a80-5d79-4e30-8206-8cd2df831b44,TRUCK_017,2021-08-12 17:11:16.608632,Tires,Scheduled Maintenance
9221eb6e-a3bb-43d9-a50f-65141f6eebe0,TRUCK_044,2025-03-30 11:02:16.591966,Brakes,Wear and Tear
895e14d6-78d3-415b-a8e6-dfca1ea32d2d,TRUCK_008,2021-02-24 17:58:11.647066,Transmission,Scheduled Maintenance
58cdd25a-ffb2-488a-9e46-53db2b2018d3,TRUCK_003,2021-02-01 03:50:13.768603,Engine,Scheduled Maintenance
6102e456-48b2-4e7b-9816-0f73d38ee2b5,TRUCK_016,2024-11-20 00:25:20.253615,Engine,Failure
fe0e2ece-e379-4527-8b2f-642b871e4487,TRUCK_031,2023-02-06 02:01:33.036842,Engine,Scheduled Maintenance
d1a5cae6-b2b7-4166-97c8-c39779ccbcab,TRUCK_041,2021-01-04 19:34:53.838025,Tires,Scheduled Maintenance
8ac34b16-b327-4581-837c-c1767c661fb9,TRUCK_030,2021-11-11 03:59:19.448288,Transmission,Wear and Tear
c6bea3c3-5b18-47d7-9d6b-418c4a83f073,TRUCK_044,2025-09-07 00:45:22.311094,Tires,Failure
a8cc3681-c422-41cd-bcc6-666b2372440b,TRUCK_018,2022-07-01 18:03:36.839585,Transmission,Wear and Tear
13bfc3ae-ca05-4d57-a85a-3819427a7713,TRUCK_022,2022-09-20 05:01:30.519301,Battery,Scheduled Maintenance
1774bcfa-a347-4bae-a3a6-5793a6e0869a,TRUCK_033,2022-09-23 12:38:32.435005,Battery,Failure
53f86e34-2a8f-4881-9229-7ad79bfc78e9,TRUCK_031,2020-11-20 21:55:05.335215,Engine,Scheduled Maintenance
e69b72c1-49dd-4d14-9566-f1b048ccef9e,TRUCK_019,2022-05-14 03:45:43.592535,Brakes,Wear and Tear
57d8230d-3e2b-4af9-adb3-acf3df7b51f4,TRUCK_049,2023-10-24 05:41:49.395613,Brakes,Failure
f3f0740c-b6b2-46ba-b6ec-27a7e6a33dea,TRUCK_026,2020-09-22 05:57:45.428693,Battery,Failure
eb6c65c4-5636-4b5a-9a76-a2acaf60fc4e,TRUCK_000,2024-07-05 22:55:13.761348,Transmission,Scheduled Maintenance
019f1577-d0a8-46ff-9f0b-aa33ec4d96d1,TRUCK_034,2023-10-18 03:59:14.340601,Engine,Failure
0385579e-1d03-46a7-9882-ed6d8933c9a8,TRUCK_010,2025-01-22 05:55:47.140600,Tires,Scheduled Maintenance
265da3d2-2e83-4290-9f42-77395f61c089,TRUCK_038,2023-09-15 02:04:47.021049,Brakes,Wear and Tear
0d38921d-5429-4065-8c00-3c0ce87484e3,TRUCK_034,2022-10-17 14:44:18.887896,Engine,Scheduled Maintenance
c4e6f821-7df8-4f4d-95f7-cbcf02517380,TRUCK_033,2021-05-21 08:49:24.962928,Brakes,Scheduled Maintenance
edf525ad-cac9-47fd-a119-cc866785f338,TRUCK_004,2022-05-03 10:38:52.069932,Transmission,Failure
fcdc2ba2-7560-4d53-86fd-250bfdbba942,TRUCK_019,2021-10-24 19:21:54.028401,Transmission,Wear and Tear
b3c87954-3522-46bf-a27b-c0a876baa106,TRUCK_008,2021-05-25 13:20:34.892657,Battery,Failure
23fd5e68-4916-46db-9885-cec9b2ad0035,TRUCK_039,2022-01-09 08:09:08.794319,Tires,Failure
d37fc114-4114-41db-9837-76c06cb4afa9,TRUCK_005,2025-04-09 15:33:09.061957,Tires,Failure
d17d183d-eaf0-4dc6-933e-3728c4df36f0,TRUCK_018,2024-04-13 04:47:55.633394,Brakes,Failure
383fcfa1-084d-4bc2-b42b-d9f5712d8677,TRUCK_010,2023-11-07 22:30:15.500698,Battery,Wear and Tear
b94da606-4a85-4346-963a-3d8f9a00cbc9,TRUCK_015,2023-11-09 12:36:06.604800,Battery,Failure
4705cefa-bd4f-45d6-ba15-5e80540c2182,TRUCK_020,2021-12-21 02:47:25.929664,Tires,Scheduled Maintenance
28ab604c-019c-4e01-87d1-9aec1d5f69f4,TRUCK_045,2023-10-12 14:27:21.048146,Engine,Scheduled Maintenance
d7c08d3b-1ae7-4580-a6b1-67ac7fcb20ef,TRUCK_004,2021-04-05 10:15:01.076292,Brakes,Wear and Tear
83c67f26-4d35-489a-88c5-9330f5322a75,TRUCK_001,2024-10-07 04:40:11.863352,Brakes,Wear and Tear
2527577d-647d-4a52-be71-c5d5ef12c31a,TRUCK_028,2022-01-29 08:18:01.015343,Tires,Scheduled Maintenance
6862e84b-e7d5-4d03-a1c4-f2ccc953b797,TRUCK_021,2021-06-08 16:19:21.485266,Tires,Wear and Tear
391a83f5-3031-45e0-b16a-557c4686b8a2,TRUCK_022,2024-09-07 05:00:01.091748,Brakes,Failure
4fafb6f8-7532-4961-80d7-a11e65677a21,TRUCK_010,2022-01-26 04:08:30.965929,Tires,Scheduled Maintenance
88a951f4-6f6b-4c55-bc33-eddee99c834c,TRUCK_042,2024-03-02 11:37:38.591177,Brakes,Failure
57538ed8-4c54-4f31-b137-377aa0ab0931,TRUCK_041,2022-11-17 06:34:37.973959,Battery,Failure
803c6bde-00a4-4d7d-be7f-096633ae3d85,TRUCK_032,2022-03-17 11:46:39.242634,Battery,Wear and Tear
90a24e9a-f273-4ace-be10-7789fd2ee37c,TRUCK_027,2025-06-24 19:30:15.697030,Engine,Wear and Tear
52396ef2-00ba-4683-ad78-6368bcf3e6d6,TRUCK_037,2022-09-12 12:29:48.949652,Engine,Failure
81c9a85e-bd19-4805-b953-099b3a9a1fe7,TRUCK_036,2022-10-24 21:44:28.137012,Battery,Wear and Tear
215d5e0f-7a89-4792-8d13-ce9d0a40d96c,TRUCK_019,2021-03-09 09:30:02.183100,Tires,Wear and Tear
01b5c40e-84d5-4ca8-9164-33ce516d64c4,TRUCK_030,2022-12-06 14:14:09.255790,Transmission,Scheduled Maintenance
863a8e66-0fca-4311-af19-2c34f20efc66,TRUCK_007,2023-08-07 23:44:42.730426,Transmission,Failure
8080de24-2f33-4715-85dc-e53fa301a19c,TRUCK_019,2024-05-20 00:23:56.335086,Transmission,Wear and Tear
913193ad-7707-41e7-86e2-4b66b58d8c22,TRUCK_038,2022-08-13 22:50:59.861509,Brakes,Failure
9e2c7a18-30f3-47eb-abc2-7531c601a7c2,TRUCK_041,2022-09-11 01:17:01.410536,Transmission,Failure
61cf4496-2c0c-4b0c-a46b-9b94e62c9e99,TRUCK_039,2022-05-20 23:06:04.703748,Tires,Wear and Tear
dd781279-c0d9-4dca-a5c4-e6b34bcd3666,TRUCK_015,2023-05-21 21:14:56.628484,Battery,Failure
33b19cae-dacf-4106-9252-9a5e3e6dd803,TRUCK_035,2021-06-28 12:21:01.483042,Transmission,Wear and Tear
2bd37314-c000-45f1-a5b3-556285ad461b,TRUCK_022,2022-02-23 07:55:54.613613,Transmission,Wear and Tear
234a291f-9fb1-4c29-9ee5-3a70ff626413,TRUCK_006,2023-04-14 21:48:51.551802,Engine,Wear and Tear
f54f2af1-f1f4-4195-ade2-51bb2d6ecc3e,TRUCK_004,2023-05-26 02:24:24.622580,Transmission,Failure
1f7824a7-b98c-4889-b9b8-080248ea8cc7,TRUCK_045,2023-06-24 20:07:59.963019,Engine,Wear and Tear
8fdadb11-30ac-45c2-a4d6-5349f205df6c,TRUCK_011,2022-06-09 09:57:59.443147,Transmission,Wear and Tear
b3d3d91b-cf2e-4e70-86d6-a5e7ff5a1da3,TRUCK_043,2022-12-11 01:14:06.399727,Tires,Wear and Tear
16d1e946-b62b-4568-aa37-2d5f59b7e27c,TRUCK_000,2022-09-15 06:02:56.701371,Engine,Wear and Tear
67a304b2-8874-4491-b896-bdbf80edbd85,TRUCK_023,2022-04-16 13:32:27.651558,Transmission,Failure
5398c39b-3742-4097-ac47-a7507ba765d9,TRUCK_037,2025-08-02 12:32:46.868916,Tires,Scheduled Maintenance
21ba84d8-d804-4117-aa7e-5647ad0643ff,TRUCK_037,2022-12-11 01:13:58.795368,Brakes,Wear and Tear
cb5c1d1d-9106-4138-b1c0-658b15197cdc,TRUCK_036,2023-09-13 17:50:04.440905,Battery,Failure
f4e1ab88-72b7-4477-abc3-81fbdfb565cd,TRUCK_028,2023-04-30 00:02:42.517859,Transmission,Scheduled Maintenance
568ff9a4-2a76-4176-a8cc-bc76bdc316f0,TRUCK_011,2025-04-29 13:25:47.287834,Brakes,Wear and Tear
1c178be0-250d-4cdd-8cfd-34c517a07706,TRUCK_011,2025-04-10 09:45:07.532772,Brakes,Failure
e4544e2e-6e84-427d-bd5d-f77e24aae549,TRUCK_046,2020-11-20 02:21:27.356503,Engine,Failure
e3ffefb9-b315-4733-97b1-ba05acaa02fd,TRUCK_049,2023-04-01 15:27:00.995515,Engine,Failure
8d497957-9e5e-4a92-a0a6-b1272e204206,TRUCK_046,2022-10-17 21:20:33.209496,Tires,Wear and Tear
be3e8cb2-8564-4c1c-80bf-b703a7638d01,TRUCK_043,2022-02-25 22:52:45.963563,Transmission,Failure
70840b68-f649-4947-9e21-2b4f642277f0,TRUCK_004,2025-05-31 09:07:22.792533,Battery,Wear and Tear
0476e269-33f0-417c-a6d1-cbef2961ab16,TRUCK_018,2024-04-13 09:08:18.027383,Battery,Failure
4336087d-c43d-489e-af34-ef423a6ddd2d,TRUCK_005,2023-09-10 03:43:13.809486,Engine,Scheduled Maintenance
db9f5843-ffe6-4540-8081-98b1a6ce9be9,TRUCK_018,2021-02-14 13:32:06.386833,Battery,Wear and Tear
2becacc3-0320-4057-bd66-f3048db5de3b,TRUCK_029,2020-11-28 15:49:14.302436,Engine,Scheduled Maintenance
e2432c1d-cb22-4589-afe5-9af85afd58a8,TRUCK_017,2022-10-20 14:16:17.934616,Tires,Failure
d4c08dc2-94d8-4880-a05a-5c4385bd4920,TRUCK_006,2024-01-31 08:40:15.297601,Engine,Scheduled Maintenance
1389bdd7-e1d2-4af5-8276-3e6667045248,TRUCK_000,2025-02-13 22:01:38.124564,Battery,Scheduled Maintenance
ed131d92-5b06-416a-bf97-eb7d08c231cd,TRUCK_042,2023-02-01 03:45:34.048942,Brakes,Wear and Tear
69a9ddb6-130b-459f-b973-6b7e9180c097,TRUCK_038,2023-05-23 15:15:41.164479,Engine,Scheduled Maintenance
ce6ddae5-ff16-401f-a344-2af3aea49aea,TRUCK_001,2022-07-17 14:55:42.844196,Battery,Failure
b77a4b1f-acd0-40c2-ae67-84e176174474,TRUCK_044,2024-02-27 08:28:41.731778,Battery,Scheduled Maintenance
4ed39849-aedc-4edc-b02e-f89883f8cd14,TRUCK_025,2023-04-11 11:22:14.014972,Battery,Failure
e586b6fb-e8b5-42b9-8857-88eecb2f03b3,TRUCK_009,2021-04-19 03:40:49.569127,Battery,Scheduled Maintenance
df52e156-b5a6-484c-a1c6-7a42d87a7c00,TRUCK_000,2021-12-10 09:24:04.360110,Battery,Scheduled Maintenance
4a9d8062-4153-4dba-b76d-9d207a460f23,TRUCK_006,2021-12-20 18:47:42.429471,Engine,Scheduled Maintenance
a92d220d-096f-45a1-befe-9fe49b4e1e75,TRUCK_048,2022-07-17 07:35:16.497318,Transmission,Scheduled Maintenance
a95e3272-39f6-4de9-aab4-8045c1449b95,TRUCK_013,2021-12-26 13:57:46.086309,Tires,Failure
07b41b6f-b085-44c2-b510-b1a5326a951f,TRUCK_041,2025-07-17 00:08:02.812058,Transmission,Scheduled Maintenance
935ce783-e352-4cb5-99a1-dd5f26dacd1b,TRUCK_013,2021-05-19 05:45:02.977938,Transmission,Scheduled Maintenance
0c967266-2143-4ec0-b055-8c5b302adde9,TRUCK_021,2021-08-09 14:13:59.948074,Engine,Scheduled Maintenance
8832cb9e-f320-4991-88c8-3a9c32940b65,TRUCK_012,2024-04-14 06:42:05.377455,Transmission,Failure
89c61c9a-e72e-429e-879d-57abb0fbb3d7,TRUCK_029,2022-12-28 09:18:44.793368,Transmission,Scheduled Maintenance
1e04445f-31ee-4f0e-b8ed-6a16d3db3f06,TRUCK_000,2024-09-24 22:53:16.587623,Battery,Wear and Tear
16f0e8b5-42c5-44ab-a4da-c7285b6945c5,TRUCK_007,2023-03-31 09:03:11.253785,Engine,Wear and Tear
05a1d028-b2d2-4307-a9d6-7fab86dc4d11,TRUCK_042,2024-10-06 09:24:09.307752,Brakes,Failure
e3c24446-3f35-4ff2-9a4d-b813f36746dc,TRUCK_015,2023-05-14 09:25:56.625015,Engine,Wear and Tear
6e1a5305-0645-45b4-82cb-dc06afe2aa15,TRUCK_027,2024-09-28 03:37:01.550665,Battery,Scheduled Maintenance
dd671934-e073-4a5e-9337-dc3d0f010b2d,TRUCK_024,2024-04-07 17:49:14.981480,Transmission,Scheduled Maintenance
56ab6a4d-d28e-4b9a-8aec-49acf35fe586,TRUCK_030,2023-12-02 02:36:27.103584,Brakes,Failure
0c39d1f4-e283-4781-b0a2-d3a419f57da9,TRUCK_038,2024-11-21 19:21:29.151796,Engine,Failure
fae851ed-174c-4d33-8633-653e4dbacda2,TRUCK_024,2025-03-27 10:15:08.997465,Tires,Scheduled Maintenance
f548bc65-5736-45fe-8781-7ff11e98ba79,TRUCK_010,2022-01-02 04:44:23.674438,Tires,Scheduled Maintenance
3d9b47d9-cc6a-4387-bbf2-865529086751,TRUCK_001,2022-11-19 21:39:06.346012,Battery,Wear and Tear
d5b5c9f7-0207-49c9-8296-49221d154487,TRUCK_011,2025-08-22 12:24:16.630978,Engine,Scheduled Maintenance
042edacf-106f-4d14-9720-55000a897e3b,TRUCK_038,2021-01-18 13:42:56.066072,Engine,Wear and Tear
29033d8c-2d0f-4b32-957e-2a691fca4110,TRUCK_000,2022-01-13 00:54:31.100606,Battery,Failure
